iter	RMSE
0	515.0971671
1	473.7568549
2	515.0227202
3	472.9576774
4	515.2215183
5	473.4838707
6	515.0156804
7	474.0523019
8	494.777669
9	462.7693873
10	494.5776718
11	462.5564602
12	494.5904907
13	463.0454911
14	494.7225225
15	463.6346969
16	485.8780491
17	454.8177805
18	485.8233992
19	454.223911
20	485.7287658
21	454.7190066
22	485.8850085
23	455.5684155
24	485.0445419
25	438.6173256
26	484.9516154
27	438.8366602
28	485.0500978
29	439.5509482
30	485.3145201
31	440.2512831
32	466.3877078
33	418.9691571
34	466.1341204
35	419.0126251
36	466.1383514
37	419.4140741
38	466.8404348
39	422.6257527
40	457.0389629
41	403.3546578
42	456.5476244
43	403.9316102
44	457.0395923
45	404.9738402
46	457.7323205
47	408.9846396
48	468.7945104
49	405.3151764
50	469.2358107
51	407.0571431
52	469.6791999
53	409.6235029
54	470.5520149
55	415.0240155
56	446.7163995
57	374.4698192
58	446.9445638
59	376.4722273
60	447.8918272
61	379.769066
62	448.7307556
63	386.843857
64	433.8361752
65	349.4580413
66	434.1088398
67	352.0081478
68	435.3678868
69	356.6072016
70	436.8605238
71	367.6115364
72	450.6122482
73	359.2259301
74	451.0901899
75	360.3335327
76	451.9809867
77	368.0169012
78	455.693934
79	378.0756924
80	420.4704668
81	309.9812311
82	421.9680436
83	314.4456473
84	424.1005502
85	320.962762
86	429.7777811
87	338.7700876
88	397.5604207
89	272.6221462
90	400.3719443
91	279.0098268
